title,company,expreince,location,salary,category,starter
Разработчик (1С) ERP,ОООCURATIO PHARM,Опыт 3-6 лет,Ташкент,,Software Engineer (General),False
Стажёр Android-разработчик,Яндекс,Без опыта,Ташкент,,Mobile Developer,True
Project manager,Dukascopy,Опыт 3-6 лет,Ташкент,,Project Manager,False
Full-Cycle IT Recruiter,OnHires LLC,Опыт 3-6 лет,Ташкент,250 – 1 500$на руки,HR/Recruiter,False
Online Reputation Manager (ORM SERM),FOCO ELEVADO LDA,Опыт 3-6 лет,Ташкент,от1 400€на руки,Project Manager,False
Project Manager (mobile games),ТООKimikosoft,Опыт 1-3 года,Ташкент,1 500 – 2 000$на руки,Project Manager,True
Системный аналитик (middle/senior),ООО«UZUM TECHNOLOGIES».,Опыт 1-3 года,Ташкент,,Data/Analytics,True
Тестировщик (крипто-биржа),АОOctobank,Опыт 1-3 года,Ташкент,,QA/Testing,True
IT Project Manager (B2B SaaS),ОООSD Solutions,Опыт 3-6 лет,Ташкент,,Project Manager,False
Программист 1С,ОООSMART HR,Опыт 1-3 года,Ташкент,,Software Engineer (General),True
Technical Service Support Engineer （GPON or L2/L3 switches）,FE LLC ZTE Investment,Опыт 1-3 года,Ташкент,,Engineer,True
Аналитик (Middle+),АОOctobank,Опыт 3-6 лет,Ташкент,,Data/Analytics,False
Lecturer in Cybersecurity and Entrepreneurship,ОООCENTRAL ASIAN UNIVERSITY,Опыт 1-3 года,Ташкент,,IT specialest,True
Системный аналитик,АОАхангаранцемент,Опыт 1-3 года,Ташкент,,Data/Analytics,True
Onboarding Manager / Junior Sales Manager,Bordio,Без опыта,Ташкент,500 – 700€на руки,Sales,True
Global Graduate Program - Human Resources,АОСП УЗБАТ А.О.,Без опыта,Ташкент,,Other,True
Senior Dynamics 365 CRM Consultant,Itransition,Опыт 3-6 лет,Ташкент,,Other,False
Инженер (Серверное оборудование),ОООNAGTECH,Опыт 3-6 лет,Ташкент,,Engineer,False
QA инженер,СП ООО IST TELEKOM,Опыт 3-6 лет,Ташкент,,QA/Testing,False
Sales Specialist (English),Crystalia Glass LLC,Опыт 1-3 года,Ташкент,1 400 – 5 000$до вычета налогов,Sales,True
Аналитик DWH (Middle),ОООHRBG,Опыт 3-6 лет,Ташкент,,Data/Analytics,False
Senior PostgreSQL Developer,АОCLICK,Опыт 3-6 лет,Ташкент,,Software Engineer (General),False
Sales & Business Development specialist (Uzbekistan),"Glosok Technology (Ningbo) Co., Ltd.",Опыт 1-3 года,Ташкент,,Sales,True
Country Manager (iGaming),STARTRIBE LTD,Опыт 3-6 лет,Ташкент,,Project Manager,False
Senior Product manager,ОООTYMY CA,Опыт 3-6 лет,Ташкент,,Project Manager,False
Офис-менеджер/оператор контакт-центра/секретарь,ИПKAVUN YURIY ANATOLEVICH,Без опыта,Ташкент,,Other,True
Менеджер по продукту (Серверное оборудование),ОООNAGTECH,Опыт 3-6 лет,Ташкент,,Other,False
Коммерческий директор (CCO),Work&Wolf,Опыт 3-6 лет,Ташкент,от5 000$на руки,Other,False
RNPO engineer,FE LLC ZTE Investment,Опыт 1-3 года,Ташкент,,Engineer,True
Pre School Lead Teacher,ОООLITTLE BRITAIN DAY CARE,Опыт 1-3 года,Ташкент,600 – 1 000$на руки,Other,True
Microwave engineer (Telecommunications),FE LLC ZTE Investment,Опыт 1-3 года,Ташкент,,Engineer,True
Head Engineering Department in Pharma,ИПOOO Novugen Pharma,Без опыта,Ташкент,,Engineer,True
Truck Driver Recruiter Position,ОООWINDERMERE PRO,Опыт 1-3 года,Ташкент,,HR/Recruiter,True
Math teacher,SATashkent,Опыт 1-3 года,Ташкент,8 – 15$на руки,Other,True
Менеджер по развитию финтех-услуг,ТООDDK Group,Опыт 1-3 года,Ташкент,1 477 – 1 943$на руки,Other,True
SAP ABAP Developer,LeverX,Опыт 3-6 лет,Ташкент,,Software Engineer (General),False
SALES EXECUTIVE,"ТООHellmann Worldwide Logistics Kazakhstan, ТОО",Опыт 3-6 лет,Ташкент,от1 500$на руки,Sales,False
Senior Fire Fighting & Water Supply and Sewage Engineer,ОООJuru,Опыт 3-6 лет,Ташкент,,Engineer,False
Intern/Consultant 1 in Tax Department,АОООО «KPMG AUDIT»,Без опыта,Ташкент,,Other,True
Global Graduate Marketing,АОСП УЗБАТ А.О.,Опыт 1-3 года,Ташкент,,Marketing,True
Sales Executive Certification,ОООБюро Веритас,Опыт 3-6 лет,Ташкент,,Sales,False
University Nurse,ОООAMERIKA TEXNOLOGIYALAR UNIVERSITETI,Опыт 1-3 года,Ташкент,,IT specialest,True
Бизнес-аналитик,ООО«UZUM TECHNOLOGIES».,Опыт 1-3 года,Ташкент,,Data/Analytics,True
Директор по развитию бизнеса / Сhief business development officer,ОООUMAG SOFT,Опыт 3-6 лет,Ташкент,от2 000$на руки,Other,False
Директор по развитию бизнеса/Сhief business development officer,ОООUMAG SOFT,Опыт 3-6 лет,Ташкент,от2 000$на руки,Other,False
Account Manager (RevShare),Servicology,Опыт 1-3 года,Ташкент,,Project Manager,True
Customer Service Officer LRC,НОУ Westminster International University in Tashkent,Опыт 1-3 года,Ташкент,,Other,True
Student Experience Specialist,ОООAMERIKA TEXNOLOGIYALAR UNIVERSITETI,Опыт 1-3 года,Ташкент,,Other,True
Руководитель по развитию Бизнеса ( Ташкент) Business Development Manager ( Tashkent),"Deli (Представительство компании Нинбо Дэли Импорт-Экспорт Ко., Лтд., Китай)",Без опыта,Ташкент,,Project Manager,True
Global Graduate Finance,АОСП УЗБАТ А.О.,Опыт 1-3 года,Ташкент,,Other,True
Web-дизайнер,ОООVades group,Опыт более 6 лет,Ташкент,от13 000 000so'mна руки,Designer,False
Копирайтер,Concurrency Development LTD,Опыт 1-3 года,Ташкент,,Other,True
Regional Operations Manager,ОООEASYTAP UFB,Опыт 1-3 года,Ташкент,от450$на руки,Project Manager,True
User Acquisition Manager,ТООKimikosoft,Опыт 3-6 лет,Ташкент,,Project Manager,False
Сhief business development officer,ОООUMAG SOFT,Опыт 1-3 года,Ташкент,,Other,True
UX/UI-дизайнер,ОООDEEPEN,Опыт 1-3 года,Ташкент,4 000 000 – 8 000 000so'mдо вычета налогов,Designer,True
Dispatcher/Logistics Coordinator at a European Transport Company,Dimako Slovakia s.r.o.,Опыт 1-3 года,Ташкент,700 – 1 100$на руки,Other,True
IT Sales,"Казтелепорт, АО",Опыт 1-3 года,Ташкент,,Sales,True
Technical Supervisor,ОООANCOR Uzbekistan,Без опыта,Ташкент,,Other,True
YouTube Performance Marketing Strategist,ТООKimikosoft,Опыт 3-6 лет,Ташкент,,Marketing,False
Technical Product Manager (Samarkand city),ОООCEMIX,Опыт 1-3 года,Ташкент,,Project Manager,True
Менеджер Отдела Продаж Междунродной Компании Realting,ОООREALTING CENTRAL ASIA,Опыт 1-3 года,Ташкент,10 274 000 – 20 548 516so'mдо вычета налогов,Sales,True
Начальник отдела маркетинга,Work&Wolf,Опыт 3-6 лет,Ташкент,3 000 – 5 000$до вычета налогов,Marketing,False
Accaunt manager,ОООDEEPEN,Опыт 1-3 года,Ташкент,от5 000 000so'mна руки,Project Manager,True
Программист 1С,ОООMUK Computers,Опыт 1-3 года,Ташкент,,Software Engineer (General),True
IT Sales (business development manager),"Казтелепорт, АО",Опыт 3-6 лет,Ташкент,,Sales,False
Графический дизайнер со знанием 3D/Motion,ОООOpen («FUTURE OPEN TECHNOLOGY GROUP»),Опыт 1-3 года,Ташкент,до12 000 000so'mна руки,Designer,True
Senior Officer for International Student Affairs,НОУ Westminster International University in Tashkent,Опыт 3-6 лет,Ташкент,,Other,False
Sales Executive BNI,ОООБюро Веритас,Опыт 3-6 лет,Ташкент,,Sales,False
Creative Animation Supervisor (YouTube content production),ТООKimikosoft,Опыт 3-6 лет,Ташкент,,Marketing,False
Loan Officer,АОКДБ Банк Узбекистан,Опыт 1-3 года,Ташкент,,Other,True
Assistent of HR department,ИПООО ENERGY CHINA KASHKADARIA SOLAR POWER,Опыт 3-6 лет,Ташкент,,HR/Recruiter,False
Head Production department pharma,ИПOOO Novugen Pharma,Опыт более 6 лет,Ташкент,,Other,False
Менеджер по персоналу,ОООCMEC ENERGY AND INFRASTRUCTURE,Опыт 1-3 года,Ташкент,1 000 – 1 500$до вычета налогов,HR/Recruiter,True
РУКОВОДИТЕЛЬ ОТДЕЛА ЖУРНАЛИСТИКИ МЕЖДУНАРОДНОЙ КОМПАНИИ REALTING В УЗБЕКИСТАНЕ (проект Realting.uz),ОООREALTING CENTRAL ASIA,Опыт 1-3 года,Ташкент,от10 550 000so'mна руки,Other,True
Senior Executive Officer on International Collaboration,НОУ Westminster International University in Tashkent,Опыт 3-6 лет,Ташкент,,Other,False
Маркетолог,ОООNAGTECH,Опыт 1-3 года,Ташкент,,Marketing,True
Оператор call-центра,ОООTHE NEW CITY GROUP,Опыт 1-3 года,Ташкент,6 500 000 – 12 000 000so'mдо вычета налогов,Other,True
Бизнес-тренер (Ташкент),ЭКОПСИ Консалтинг,Опыт 3-6 лет,Ташкент,,Other,False
Chief Accountant,ИП ООО AIR PRODUCTS CENTRAL ASIA GROUP,Опыт более 6 лет,Ташкент,,Other,False
Оператор call-центра,ОООSTEEL QUALITY BUSINESS ( ТМ Namuna Development ),Без опыта,Ташкент,4 000 000 – 6 500 000so'mна руки,Other,True
Email-маркетолог,ОООMUK Computers,Опыт 1-3 года,Ташкент,,Marketing,True
Specialist administration department,ИПООО ENERGY CHINA KASHKADARIA SOLAR POWER,Опыт 1-3 года,Ташкент,,Other,True
Менеджер по работе с ключевыми клиентами (телеком оборудование),ОООNAGTECH,Опыт 1-3 года,Ташкент,от10 000 000so'mдо вычета налогов,Other,True
Менеджер по продажам (телеком оборудование),ОООNAGTECH,Опыт 1-3 года,Ташкент,,Sales,True
Менеджер колл-центра,ОООTHE NEW CITY GROUP,Опыт 3-6 лет,Ташкент,6 500 000 – 12 000 000so'mна руки,Other,False
SMM-менеджер,ОООNAGTECH,Опыт 1-3 года,Ташкент,,Marketing,True
Представитель по развитию продаж,ОООCONSORT TAS,Без опыта,Ташкент,от300$до вычета налогов,Sales,True
Business Central Senior Functional Consultant,Itransition,Опыт 3-6 лет,Ташкент,,Other,False
Руководитель отдела маркетинга и планирования,СП ООО IST TELEKOM,Опыт 1-3 года,Ташкент,,Marketing,True
Менеджер по продажам,ОООKALE GALLERY,Без опыта,Ташкент,от4 000 000so'mна руки,Sales,True
Associate (Deal Advisory),АОООО «KPMG AUDIT»,Опыт 3-6 лет,Ташкент,,Other,False
Events Coordinator,XM,Опыт 3-6 лет,Ташкент,,Other,False
Офис-менеджер,ОООProwork,Опыт 1-3 года,Ташкент,от6 000 000so'mна руки,Other,True
Audit Director,АОООО «KPMG AUDIT»,Опыт более 6 лет,Ташкент,,IT specialest,False
Key Account Manager at HONOR Uzbekistan,Honor,Опыт 1-3 года,Ташкент,,Project Manager,True
"Senior Consultant/Manager, Actuarial Services and Insurance",АОООО «KPMG AUDIT»,Опыт более 6 лет,Ташкент,,Project Manager,False
Менеджер по продажам в строительную компанию,ОООNEW BUILD DEVELOPMENT,Опыт 3-6 лет,Ташкент,4 500 000 – 5 500 000so'mна руки,Sales,False
IOS / Android-разработчик (в офисе),АОCENTER FOR DIGITAL TECHNOLOGY AND INNOVATION,Опыт 3-6 лет,Ташкент,,Mobile Developer,False
Стажер-разработчик бэкенда,Яндекс,Без опыта,Ташкент,,Software Engineer (General),True
Middle/Senior Node.js + Typescript Backend Developer,АОPAYME,Опыт 1-3 года,Ташкент,,Backend,True
Стажер в IT (SAP),Korzinka (Anglesey food),Без опыта,Ташкент,,IT specialest,True
Middle/Senior Android developer,АОPAYME,Опыт 3-6 лет,Ташкент,,Mobile Developer,False
Middle+Flutter Разработчик,ОООA GROUP MOTORS,Опыт 1-3 года,Ташкент,от20 000 000so'mна руки,Mobile Developer,True
Business Analyst,FE LLC Huawei Tech Investment Tashkent,Опыт 1-3 года,Ташкент,,Data/Analytics,True
Senior Java developer,АО Асакабанк,Опыт более 6 лет,Ташкент,,Java Developer,False
Product manager (с бэкграундом по Fintech),АОCENTER FOR DIGITAL TECHNOLOGY AND INNOVATION,Опыт 3-6 лет,Ташкент,,Project Manager,False
Стажировка в IT (SAP),ОООЦентр развития IT- знаний,Без опыта,Ташкент,,IT specialest,True
B2B Apple Team Lead,FC LLC ASBC ENTITY,Опыт 3-6 лет,Ташкент,,Software Engineer (General),False
Science Teacher,Al-Beruniy International School,Опыт 3-6 лет,Ташкент,,Other,False
Junior Sales Agent,Citi Fuel (ООО Staff Atlantic),Без опыта,Ташкент,,Sales,True
French-Speaking Call Center Agent,ОООЦентр развития IT- знаний,Без опыта,Ташкент,,Other,True
Business Development Manager,Citi Fuel (ООО Staff Atlantic),Опыт 1-3 года,Ташкент,,Project Manager,True
Product Manager Customer Delivery,TBC,Опыт более 6 лет,Ташкент,,Project Manager,False
Digital Marketing specialist,ОООANCOR Uzbekistan,Без опыта,Ташкент,,Marketing,True
Product manager,ОООBELLISSIMO PIZZA INTERNATIONAL,Опыт 1-3 года,Ташкент,,Project Manager,True
Business Trainer,Citi Fuel (ООО Staff Atlantic),Опыт 3-6 лет,Ташкент,,Other,False
Key Account Manager,ОООЦентр развития IT- знаний,Опыт 1-3 года,Ташкент,,Project Manager,True
Senior Consultant in Legal Department,АОООО «KPMG AUDIT»,Опыт более 6 лет,Ташкент,,Other,False
"Electrical Engineer (Chirchiq, Adolat)",ИПООО ENERGY CHINA KASHKADARIA SOLAR POWER,Опыт 3-6 лет,Ташкент,,Engineer,False
Marketing Supervisor,ОООANCOR Uzbekistan,Без опыта,Ташкент,,Marketing,True
Network Development Specialist (Специалист по развитию дилерской сети),ИП ООО JETOUR SOUEAST AUTOMOTIVE CENTRAL ASIAN,Опыт 1-3 года,Ташкент,,Other,True
Corporate Lawyer,ОООCENTRAL ASIAN UNIVERSITY,Опыт 1-3 года,Ташкент,,Other,True
Sales Specialist,BYD CENTRAL ASIA OOO,Опыт 3-6 лет,Ташкент,,Sales,False
Key Account Manager (KAM),ОООANCOR Uzbekistan,Опыт 3-6 лет,Ташкент,,Project Manager,False
"Civil Engineer (Chirchiq, Adolat)",ИПООО ENERGY CHINA KASHKADARIA SOLAR POWER,Опыт 3-6 лет,Ташкент,,Engineer,False
"Специалист QA/QC (Chirchiq, Adolat)",ИПООО ENERGY CHINA KASHKADARIA SOLAR POWER,Опыт 3-6 лет,Ташкент,,QA/Testing,False
"QHSE (Chirchiq, Adolat)",ИПООО ENERGY CHINA KASHKADARIA SOLAR POWER,Опыт 3-6 лет,Ташкент,,Other,False
Brand Supervisor,ОООANCOR Uzbekistan,Опыт 3-6 лет,Ташкент,,Marketing,False
German Teacher,Al-Beruniy International School,Опыт 1-3 года,Ташкент,,Other,True
Graphic Designer (Marketing),АОООО «KPMG AUDIT»,Опыт 1-3 года,Ташкент,,Marketing,True
Node.js разработчик,АКБ Агробанк,Опыт 1-3 года,Ташкент,,node.js,True
"Функциональный архитектор 1С (оперативный учет, регламентированный учет, HR)",ТООAdvantiX group,Опыт 3-6 лет,Ташкент,,HR/Recruiter,False
Senior PHP/Laravel Developer,ОООVariant Retail Finance,Опыт 3-6 лет,Ташкент,от30 000 000so'mна руки,PHP,False
Frontend-разработчик (Next.js/React),ОООMEGABITE-CRM,Опыт 3-6 лет,Ташкент,7 000 000 – 12 000 000so'mна руки,Frontend,False
Android-разработчик,Andersen,Опыт более 6 лет,Ташкент,,Mobile Developer,False
Администратор баз данных,АОYANGI BANK,Опыт 3-6 лет,Ташкент,,Baza Dannix,False
Android Developer,ОООOCTO,Опыт 3-6 лет,Ташкент,,Mobile Developer,False
Scrum Master (FinTech),АОSMART BANK,Опыт 1-3 года,Ташкент,от2 000$на руки,Other,True
DevOps Engineer (Middle/Senior),TBC,Опыт 3-6 лет,Ташкент,,DevOps,False
QA Engineer,ОООOCTO,Опыт 1-3 года,Ташкент,,QA/Testing,True
Intern/Specialist in Department of Markets,АОООО «KPMG AUDIT»,Опыт 1-3 года,Ташкент,,Other,True
Intern in Audit Department,EY Uzbekistan,Без опыта,Ташкент,,IT specialest,True
Specialist (FAAS group),EY Uzbekistan,Опыт 1-3 года,Ташкент,,Other,True
Psychologist for Primary school,ОООCIS Education Group,Опыт 1-3 года,Ташкент,,Other,True
Junior Project Manager,ОООNURA-HIGH-TECHNOLOGIES,Без опыта,Ташкент,,Project Manager,True
Копирайтер,ОООGreen White Solutions,Опыт 1-3 года,Ташкент,4 000 000 – 7 000 000so'mна руки,Other,True
Администратор сайта / Контент-менеджер,ОООLIDER TEAM,Опыт 1-3 года,Ташкент,от4 000 000so'mна руки,Other,True
Power Apps Developer,Itransition,Опыт 1-3 года,Ташкент,,Software Engineer (General),True
Frontend Developer (Vue),Новео,Опыт 3-6 лет,Ташкент,,Frontend,False
PL/SQL Developer (middle/senior),ООО«UZUM TECHNOLOGIES».,Опыт 1-3 года,Ташкент,,Software Engineer (General),True
Frontend Developer (Angular),АОPAYME,Опыт 1-3 года,Ташкент,,Frontend,True
"Фронтенд-разработчик HTML, CSS, API, php laravel",ОООMEGABITE-CRM,Опыт 3-6 лет,Ташкент,5 000 000 – 12 000 000so'mдо вычета налогов,PHP,False
Переводчик/Ассистент Ресепшиониста,The British School of Tashkent,Опыт 1-3 года,Ташкент,от5 000 000so'mдо вычета налогов,Other,True
Тестировщик-автоматизатор,ННО Imkon Uzbekistan,Опыт 1-3 года,Ташкент,от10 000 000so'mдо вычета налогов,QA/Testing,True
1С программист,СП ООО SOFIZAR,Опыт 1-3 года,Ташкент,12 000 000 – 12 000 000so'mна руки,Software Engineer (General),True
Менеджер по корпоративным продажам,ОООFirst Developing Group,Опыт 1-3 года,Ташкент,4 000 000 – 7 000 000so'mна руки,Sales,True
Mathematics Teacher for High School,ОООInventors World,Опыт 3-6 лет,Ташкент,от15 000 000so'mна руки,Other,False
Главный специалист по работе с кредитным модулем АБС,АОYANGI BANK,Опыт 3-6 лет,Ташкент,,Other,False
Программист 1С/1С Разработчик,ОООHRBG,Опыт 1-3 года,Ташкент,,Software Engineer (General),True
Head of Support,ОООLAVOROSOLUTIONS,Опыт 3-6 лет,Ташкент,,Other,False
Маркетолог,ОООPDP University,Опыт 3-6 лет,Ташкент,8 000 000 – 12 000 000so'mна руки,Marketing,False
"Logistics Specialist (Contractor), Tashkent",ИП ООО AIR PRODUCTS CENTRAL ASIA GROUP,Опыт более 6 лет,Ташкент,,Other,False
Western Regional Manager (in Tobacco Brand),KT&G Corporation,Опыт более 6 лет,Ташкент,30 000 000 – 35 000 000so'mдо вычета налогов,Marketing,False
"Senior Trade Marketing Specialist (Tashkent, Uzbekistan)",ТООHenkel Central Asia & Caucasus,Опыт 3-6 лет,Ташкент,,Marketing,False
PHP developer Middle\Senior,АОSolutions Lab,Опыт 3-6 лет,Ташкент,,PHP,False
Корпоративый архитектор (Enterprice architect),АОOctobank,Опыт 3-6 лет,Ташкент,,IT specialest,False
Procurement Specialist,ОООGrand Diantus,Опыт 1-3 года,Ташкент,,Other,True
Senior BI developer,ОООHRBG,Опыт 3-6 лет,Ташкент,,Software Engineer (General),False
QA Engineer,АОSolutions Lab,Опыт 1-3 года,Ташкент,,QA/Testing,True
Project manager,АОYANGI BANK,Опыт 3-6 лет,Ташкент,,Project Manager,False
Product Manager LMS,ОООCENTRAL ASIAN UNIVERSITY,Опыт 3-6 лет,Ташкент,,Project Manager,False
Golang разработчик (контрактник),ОООCOSCOM ТМ Ucell,Без опыта,Ташкент,,golang,True
Business Development Manager (IT/Digital marketing),Flocktory,Опыт 3-6 лет,Ташкент,,Marketing,False
Менеджер по развитию бизнеса,ENERGON,Опыт 3-6 лет,Ташкент,,Other,False
Менеджер по развитию бизнеса,ООООптимакрос,Опыт 1-3 года,Ташкент,,Other,True
"Consultant (Strategy and Operations, Consulting department)",АОООО «KPMG AUDIT»,Опыт 1-3 года,Ташкент,,Other,True
Senior Consultant ORS (GRCS),АОООО «KPMG AUDIT»,Опыт 3-6 лет,Ташкент,,Other,False
The Accounting and HR Manager,"Person Hunters, ООО",Опыт более 6 лет,Ташкент,,HR/Recruiter,False
Senior Consultant Strategy & Operations,АОООО «KPMG AUDIT»,Опыт 3-6 лет,Ташкент,,Other,False
Инвестиционный менеджер в иностранную компанию,"Person Hunters, ООО",Без опыта,Ташкент,,Other,True
PROCUREMENT ASSOCIATE,"ИПИП ООО «Coca-Cola Ichimligi Uzbekiston, Ltd»",Опыт 1-3 года,Ташкент,,Other,True
Маркетолог,ОООTECHNOLOGY DEVELOPMENT (Ювелирный завод Fonon),Опыт 3-6 лет,Ташкент,от6 000 000so'mна руки,Marketing,False
Технический писатель,АОAloqabank,Опыт 1-3 года,Ташкент,,Other,True
Продавец-консультант ювелирных изделий,ОООTECHNOLOGY DEVELOPMENT (Ювелирный завод Fonon),Без опыта,Ташкент,,Other,True
Менеджер по продажам крупных комплексных проектов IT/AV в Узбекистане,Polymedia,Опыт 1-3 года,Ташкент,,Sales,True
Программист 1С,ОООBalton Trading Asia,Опыт 1-3 года,Ташкент,,Software Engineer (General),True
Java-разработчик,ОООFido-Biznes,Опыт 1-3 года,Ташкент,,Java Developer,True
Разработчик DWH и BI решений,ОООUSMA FUTURE (InHunter),Опыт 3-6 лет,Ташкент,,Software Engineer (General),False
IT-рекрутер,ИПКруглова Маргарита Витальевна,Опыт 1-3 года,Ташкент,100 000 – 170 000₽до вычета налогов,IT specialest,True
IB coordinator,ОООUNITED NATIONAL COMPANY,Опыт 3-6 лет,Ташкент,1 000 – 3 000$до вычета налогов,Other,False
Frontend-разработчик (React),ОООFido-Biznes,Опыт 3-6 лет,Ташкент,,Frontend,False
Head of User Operations,ИП ООО JETOUR SOUEAST AUTOMOTIVE CENTRAL ASIAN,Опыт 1-3 года,Ташкент,,Other,True
Senior IOS developer,АО ANOR BANK,Опыт 3-6 лет,Ташкент,,Mobile Developer,False
Инженер по тестированию,ООО«UZUM TECHNOLOGIES».,Опыт 3-6 лет,Ташкент,,Engineer,False
Brand Supervisor,ИП ООО JETOUR SOUEAST AUTOMOTIVE CENTRAL ASIAN,Опыт 3-6 лет,Ташкент,,Marketing,False
Full-stack Developer (.Net+Angular),Itransition,Опыт 3-6 лет,Ташкент,,Frontend,False
Переводчик с английского языка,ИПРетунский Алексей Павлович,Опыт 1-3 года,Ташкент,,Other,True
Product Analyst,АОPAYME,Опыт 1-3 года,Ташкент,,Data/Analytics,True
DevOps-инженер,ОООLUDITO,Опыт 3-6 лет,Ташкент,,DevOps,False
Microsoft Dynamics 365 Finance Consultant,Itransition,Опыт 1-3 года,Ташкент,,Other,True
Software Engineer,ОООСП ООО «PRIME MEDIA SOLUTION».,Опыт 3-6 лет,Ташкент,от2 000$на руки,Engineer,False
Junior Consultant / German AI consulting company,Qemie GmbH,Опыт 1-3 года,Ташкент,от500€на руки,Other,True
React Разработчик,АОPAYNET,Опыт 3-6 лет,Ташкент,,Frontend,False
Senior Java-разработчик,АОPAYNET,Опыт 3-6 лет,Ташкент,,Java Developer,False
Java Middle инженер-разработчик,ООО AttoLabs CA,Опыт 3-6 лет,Ташкент,1 200 – 2 000$на руки,Java Developer,False
Начальник управления разработки карточных продуктов,АОOctobank,Опыт 3-6 лет,Ташкент,,Other,False
Главный архитектор JAVA,ОООMUK Computers,Без опыта,Ташкент,,Java Developer,True
Head of Human Capital Development,TBC,Опыт более 6 лет,Ташкент,,IT specialest,False
Senior Software Engineer (Java) / Team Lead,ООО AttoLabs CA,Опыт более 6 лет,Ташкент,1 800 – 2 500$на руки,Java Developer,False
Специалист технической поддержки,ОООUZINFOCOM,Опыт 1-3 года,Ташкент,,Other,True
Менеджер по развитию бизнеса,ОООMountain Ridge,Опыт 3-6 лет,Ташкент,,Other,False
Программист 1С,ОООBUYURSIN SOLUTIONS,Опыт 3-6 лет,Ташкент,от40 000 000so'mна руки,Software Engineer (General),False
Visa manager,ОООНОУ Thompson Drujba,Опыт 1-3 года,Ташкент,,Project Manager,True
Системный аналитик,ОООCOSCOM ТМ Ucell,Опыт 3-6 лет,Ташкент,,Data/Analytics,False
Разработчик 1С,ТООAdvantiX group,Опыт 1-3 года,Ташкент,,Software Engineer (General),True
Visiting Faculty in Economics,ОООUniversity of Central Asia,Без опыта,Ташкент,,IT specialest,True
.net разработчик,ОООINTELLIGENT FINANCIAL TECHNOLOGY GROUP ТМ SSD,Опыт 1-3 года,Ташкент,до12 000 000so'mна руки,Software Engineer (General),True
Strong Middle/Senior Golang developer,ОООТЕКНО,Опыт 3-6 лет,Ташкент,,golang,False
Support Team Lead,ОООWOLT TEXNOLOGIYALARI,Опыт 3-6 лет,Ташкент,,Software Engineer (General),False
Бизнес-аналитик,ОООXususiy Bandlik Agentligi DMC,Опыт 3-6 лет,Ташкент,,Data/Analytics,False
Middle Javascript developer,АО Асакабанк,Опыт 1-3 года,Ташкент,,Java Developer,True
Редактор диалоговых сценарий,TBC,Опыт 1-3 года,Ташкент,,Other,True
Network Development Supervisor (auto industry)/Менеджер по развитию дилерской сети,ИП ООО JETOUR SOUEAST AUTOMOTIVE CENTRAL ASIAN,Опыт 3-6 лет,Ташкент,,Other,False
Разработчик баз данных Oracle (PL/SQL),ОООXususiy Bandlik Agentligi DMC,Опыт 3-6 лет,Ташкент,,Baza Dannix,False
Sales Supervisor (Sales Manager),ИП ООО JETOUR SOUEAST AUTOMOTIVE CENTRAL ASIAN,Опыт 3-6 лет,Ташкент,,Sales,False
Marketing Supervisor (Marketing Manager),ИП ООО JETOUR SOUEAST AUTOMOTIVE CENTRAL ASIAN,Опыт 3-6 лет,Ташкент,,Marketing,False
IT technical support,TBC,Опыт 1-3 года,Ташкент,,IT specialest,True
Senior iOS Developer\Старший разработчик iOS,InFinBank,Опыт 3-6 лет,Ташкент,,Mobile Developer,False
Video surveillance and IT technical support specialist,TBC,Опыт 1-3 года,Ташкент,,IT specialest,True
Head of Accounting Part,ИПООО Samsung Electronics Uzbekistan,Опыт более 6 лет,Ташкент,,Other,False
ML - инженер,ОООUZINFOCOM,Опыт более 6 лет,Ташкент,,Engineer,False
.net developer,ОООREVISION,Опыт 1-3 года,Ташкент,700 – 800$на руки,Software Engineer (General),True
IT Customer Support Specialist,TBC,Опыт 1-3 года,Ташкент,,IT specialest,True
QA-инженер,ОООUZINFOCOM,Опыт более 6 лет,Ташкент,,QA/Testing,False
Консультант - аналитик 1 С,ОООSOFTTEAM PRO,Опыт 1-3 года,Ташкент,,Data/Analytics,True
"Консультант 1С (оперативный учет, регламентированный учет, HR)",ТООAdvantiX group,Опыт 1-3 года,Ташкент,,HR/Recruiter,True
PHP-разработчик,ОООOpen («FUTURE OPEN TECHNOLOGY GROUP»),Опыт 3-6 лет,Ташкент,25 000 000 – 35 000 000so'mдо вычета налогов,PHP,False
Assistant General Manager,ОООSunshine Turon International Ltd,Опыт 1-3 года,Ташкент,,Project Manager,True
Business Development Manager (Узбекистан),ОООGlowByte,Опыт 3-6 лет,Ташкент,,Project Manager,False
System analyst (Insurance),TBC,Опыт 3-6 лет,Ташкент,,Data/Analytics,False
Senior Fullstack разработчик,АОCLICK,Опыт 3-6 лет,Ташкент,,Software Engineer (General),False
Fullstack разработчик (PL/SQL; PostgreSQL),ОООFido-Biznes,Опыт 1-3 года,Ташкент,,Software Engineer (General),True
Frontend-разработчик,ОООFido-Biznes,Опыт 1-3 года,Ташкент,,Frontend,True
Head of Support,ОООANCOR Uzbekistan,Опыт 3-6 лет,Ташкент,,Other,False
Academic Officer (Admission),НОУ Westminster International University in Tashkent,Опыт 1-3 года,Ташкент,,Other,True
Country Head,Международный фармхолдинг,Опыт более 6 лет,Ташкент,,Other,False
Team lead,ОООSOFTTEAM PRO,Опыт более 6 лет,Ташкент,,Software Engineer (General),False
Project Manager (Logistics),ОООASSTRA INTERMODAL,Опыт 3-6 лет,Ташкент,,Project Manager,False
Enterprise Partner Enablement Manager,FE LLC Huawei Tech Investment Tashkent,Опыт 3-6 лет,Ташкент,,Project Manager,False
Customer Service Specialist,Citi Fuel (ООО Staff Atlantic),Опыт 1-3 года,Ташкент,,Other,True
Enterprise Commercial Market Fulfilment Specialist,FE LLC Huawei Tech Investment Tashkent,Опыт 3-6 лет,Ташкент,,Other,False
Dynamics 365 Field Service Cloud Solution Architect,Itransition,Опыт 1-3 года,Ташкент,,IT specialest,True
HR-менеджер,ОООG-CORE TOSHKENT,Опыт 3-6 лет,Ташкент,,HR/Recruiter,False
Branch Manager,ОООASSTRA INTERMODAL,Опыт 3-6 лет,Ташкент,,Project Manager,False
Менеджер по образовательному консультированию (Продажи и презентации),ОООDIGITAL EDUCATION DEVELOPMENT,Опыт 1-3 года,Ташкент,10 000 000 – 35 000 000so'mна руки,Sales,True
Backend-разработчик,ОООPITTSBURGH INTERNATIONAL,Опыт 3-6 лет,Ташкент,,Backend,False
"Backend-разработчик ""Jowi""",ОООSMART HR,Опыт 1-3 года,Ташкент,,Backend,True
QA инженер,АОCENTER FOR DIGITAL TECHNOLOGY AND INNOVATION,Опыт 1-3 года,Ташкент,,QA/Testing,True
Flutter Senior / Team Leader,ТООPaloma365,Опыт более 6 лет,Ташкент,1 500 – 3 000$на руки,Mobile Developer,False
Dynamics 365 Field Service Business Analyst (Functional Consultant),Itransition,Опыт 3-6 лет,Ташкент,,Data/Analytics,False
Business Development Manager,ОООBARAKAT CHEMICALS DISTRIBUTION,Опыт более 6 лет,Ташкент,,Project Manager,False
QA Engineer,АОSMART BANK,Опыт 3-6 лет,Ташкент,,QA/Testing,False
Salesperson IELTS 7.5 (TSS),Citi Fuel (ООО Staff Atlantic),Без опыта,Ташкент,,Sales,True
Контент-менеджер,ОООIDEA CONCEPT GROUP,Опыт 1-3 года,Ташкент,до8 000 000so'mна руки,Other,True
"Flutter-мобильный разработчик ""Jowi """,ОООSMART HR,Опыт 1-3 года,Ташкент,,Mobile Developer,True
Sales Agent IELTS 7.5 (TSS),Citi Fuel (ООО Staff Atlantic),Без опыта,Ташкент,,Sales,True
Middle Java разработчик,Xalq Banki,Без опыта,Ташкент,,Java Developer,True
Senior JavaScript Developer,ОООFULL STACK SOLUTION,Опыт 3-6 лет,Ташкент,,Java Developer,False
Middle Angular разработчик,Xalq Banki,Без опыта,Ташкент,,Frontend,True
Senior Java Developer,ОООFULL STACK SOLUTION,Опыт более 6 лет,Ташкент,,Java Developer,False
Digital Marketing specialist,ИПООО Samsung Electronics Uzbekistan,Опыт 1-3 года,Ташкент,,Marketing,True
Senior Android Developer,ОООFULL STACK SOLUTION,Опыт более 6 лет,Ташкент,,Mobile Developer,False
Instructional Supervisor,ОООLLI LANGUAGE SERVICES PTE,Опыт 1-3 года,Ташкент,,Other,True
Senior iOS Developer,ОООFULL STACK SOLUTION,Опыт более 6 лет,Ташкент,,Mobile Developer,False
Key Account Manager,ОООANCOR Uzbekistan,Без опыта,Ташкент,,Project Manager,True
Full-Stack QA Engineer,АОCLICK,Опыт 1-3 года,Ташкент,,Fullstack,True
Regional Manager (Tobacco Industry),ОООLAVOROSOLUTIONS,Опыт 3-6 лет,Ташкент,,Project Manager,False
Key Account Manager (KAM),ИПООО Samsung Electronics Uzbekistan,Опыт 1-3 года,Ташкент,,Project Manager,True
Product owner B2B,АОPAYME,Опыт 3-6 лет,Ташкент,,Other,False
Project Manager,АОSolutions Lab,Опыт 1-3 года,Ташкент,,Project Manager,True
.NET Developer (middle/senior),ООО«UZUM TECHNOLOGIES».,Опыт 3-6 лет,Ташкент,,Software Engineer (General),False
Руководитель Отдела Продаж Рекламы Международной компании REALTING в разделе «Новостройки»,ОООREALTING CENTRAL ASIA,Опыт 1-3 года,Ташкент,10 274 000 – 20 548 516so'mдо вычета налогов,Sales,True
School consular,ОООMILLAT UMIDI MAKTABI,Опыт 1-3 года,Ташкент,7 000 000 – 10 000 000so'mдо вычета налогов,Other,True
Country Manager (Turkey-Somalia-S. Korea-Uzbekistan),ИПGabazyans Maria,Без опыта,Ташкент,,Project Manager,True
Interior Designer,RAKHAT PROPERTIES L.L.C,Опыт 3-6 лет,Ташкент,,Designer,False
Senior Java Developer,ОООOCTO,Опыт 3-6 лет,Ташкент,,Java Developer,False
Social media manager,Xiaomi,Опыт 3-6 лет,Ташкент,,Project Manager,False
"HSE Engineer in BESS,Wind,Solar Power",ИПООО ENERGY CHINA KASHKADARIA SOLAR POWER,Опыт 3-6 лет,Ташкент,,Engineer,False
Quality Manager (QA/QC),Fersol,Опыт более 6 лет,Ташкент,,QA/Testing,False
"Strategy, budgeting and reporting specialist",АОКомпания по рефинансированию ипотеки Узбекистана,Опыт 1-3 года,Ташкент,,Other,True
Treasury back-office specialist,АОКомпания по рефинансированию ипотеки Узбекистана,Опыт 1-3 года,Ташкент,,Other,True
Менеджер по продажам опалубки,ОООПрофиль-БМ,Опыт 1-3 года,Ташкент,,Sales,True
Project Manager IT,ОООLINKTRADE,Опыт 3-6 лет,Ташкент,12 000 000 – 25 000 000so'mдо вычета налогов,Project Manager,False
Senior Java Developer (Uzum Market),ООО«UZUM TECHNOLOGIES».,Опыт 3-6 лет,Ташкент,,Java Developer,False
Low code разработчик (JavaScript + TypeScript),ООО«UZUM TECHNOLOGIES».,Опыт 1-3 года,Ташкент,,Java Developer,True
Разработчик АБС,InFinBank,Опыт 1-3 года,Ташкент,,Software Engineer (General),True
Product owner,ОООLINKTRADE,Опыт 3-6 лет,Ташкент,25 000 000 – 35 000 000so'mдо вычета налогов,Other,False
Senior PHP разработчик,АОCLICK,Опыт более 6 лет,Ташкент,,PHP,False
Контент-менеджер,ОООLINKTRADE,Опыт 1-3 года,Ташкент,4 000 000 – 5 000 000so'mдо вычета налогов,Other,True
Senior Flutter Developer,ОООKash APP,Опыт 3-6 лет,Ташкент,,Mobile Developer,False
Проджект-менеджер в IT-компанию,NEURO PULSE,Опыт 1-3 года,Ташкент,от500$до вычета налогов,Project Manager,True
DevOps Senior Engineer,Itransition,Опыт 3-6 лет,Ташкент,,DevOps,False
Fullstack Разработчик Node js (Экспаты приветствуются),Citi Fuel (ООО Staff Atlantic),Опыт 1-3 года,Ташкент,2 000 – 3 000$на руки,Software Engineer (General),True
Backend разработчик (Golang & Node.js),ОООTOURISM AND ENTERTAINMENT GROUP,Опыт 1-3 года,Ташкент,,Backend,True
Business analyst,АОSolutions Lab,Опыт 1-3 года,Ташкент,,Data/Analytics,True
Intern in Business Consulting,EY Uzbekistan,Без опыта,Ташкент,,Other,True
ML Engineer NLP (Чат Бот для Службы Поддержки),InFinBank,Опыт 3-6 лет,Ташкент,,Engineer,False
IT Recruiter,Alif Uzbekistan,Опыт 1-3 года,Ташкент,,HR/Recruiter,True
Технический писатель,ООО«UZUM TECHNOLOGIES».,Опыт 1-3 года,Ташкент,,Other,True
PHP Developer (Symfony),Новео,Опыт 1-3 года,Ташкент,,PHP,True
IT Project manager,АОCENTER FOR DIGITAL TECHNOLOGY AND INNOVATION,Опыт 3-6 лет,Ташкент,,Project Manager,False
Junior Backend Developer (PHP/Laravel),Mikrokreditbank,Опыт 1-3 года,Ташкент,,Backend,True
Dynamics 365 Field Service Technical Support (Developer),Itransition,Опыт 3-6 лет,Ташкент,,Software Engineer (General),False
Специалист по автоматизации отчетности по микрокредитной организации,ОООORIENTSWISS TASHKENT,Опыт 3-6 лет,Ташкент,,Other,False
Metadata Developer,АОPAYME,Опыт 1-3 года,Ташкент,,Software Engineer (General),True
Business Development Manager,ЛАЙФСТРИМ,Опыт 3-6 лет,Ташкент,,Project Manager,False
Speech Therapist,ОООBRITISH MANAGEMENT UNIVERSITY,Без опыта,Ташкент,,Other,True
Аналитик/разработчик АБС,АКБ Тенге Банк,Опыт 1-3 года,Ташкент,,Data/Analytics,True
Программист 1С (Middle+),ОООVENKON,Опыт 3-6 лет,Ташкент,от14 000 000so'mна руки,Software Engineer (General),False
Разработчик 1С с опытом,Первый Бит,Опыт 1-3 года,Ташкент,1 000 – 3 000$на руки,Software Engineer (General),True
Директор магазина,ОООTECHNOLOGY DEVELOPMENT (Ювелирный завод Fonon),Опыт 1-3 года,Ташкент,,Other,True
IT Systems Engineer / IT FSE,FE LLC Huawei Tech Investment Tashkent,Опыт 1-3 года,Ташкент,,Engineer,True
SCADA Operator -Wind,ОООNOMAC SIRDARYA OPERATION AND MAINTENANCE SERVICES LLC,Опыт 3-6 лет,Ташкент,,Other,False
IOS developer Middle/Senior,ООО«UZUM TECHNOLOGIES».,Опыт 3-6 лет,Ташкент,,Mobile Developer,False
Atlassian Product Engineer,Itransition,Опыт 1-3 года,Ташкент,,Engineer,True
Support Engineer / Content Operator,Itransition,Опыт 1-3 года,Ташкент,,Engineer,True
Fullstack-разработчик,ОООUZINFOCOM,Опыт 3-6 лет,Ташкент,,Software Engineer (General),False
Senior Software Developer,ОООЦентр развития IT- знаний,Опыт 3-6 лет,Ташкент,,Software Engineer (General),False
Senior in FAAS department,EY Uzbekistan,Опыт 3-6 лет,Ташкент,,Other,False
Legal Counsel,"ИПИП ООО «Coca-Cola Ichimligi Uzbekiston, Ltd»",Опыт 3-6 лет,Ташкент,,Other,False
Business development manager - проектная логистика (СНГ),Advanced People Solutions,Опыт более 6 лет,Ташкент,,Project Manager,False
Разработчик ABAP,ТООAdvantiX group,Опыт 3-6 лет,Ташкент,,Software Engineer (General),False
Lecturers / Assistant Professors/ Associate Professors in in PR and Media Management Department,ОООCENTRAL ASIAN UNIVERSITY,Опыт 3-6 лет,Ташкент,,Other,False
Senior PHP Laravel,ОООCONSORT TAS,Опыт 3-6 лет,Ташкент,3 000 – 4 000$на руки,PHP,False
Python Developer,ОООЦентр развития IT- знаний,Опыт 1-3 года,Ташкент,,Python,True
Middle/Senior PHP + Vue/React Разработчик,СП ООО Xarid Texnologiyalari,Опыт 1-3 года,Ташкент,,Frontend,True
Intern .NET Developer,Itransition,Без опыта,Ташкент,,Software Engineer (General),True
"Менеджер активных B2B-продаж / Business Development in German company (Logistics, Mobility & IT)",Qemie GmbH,Опыт 1-3 года,Ташкент,1 000 – 5 000€на руки,Sales,True
Intern Front-end Developer,Itransition,Без опыта,Ташкент,,Frontend,True
Frontend-разработчик (Vue),ОООUZINFOCOM,Опыт 3-6 лет,Ташкент,,Frontend,False
Системный аналитик,ОООKash APP,Опыт 1-3 года,Ташкент,,Data/Analytics,True
PR менеджер,ОООTECHNOLOGY DEVELOPMENT (Ювелирный завод Fonon),Опыт 1-3 года,Ташкент,,Other,True
Senior Java backend developer,ОООUNITEL LLC,Опыт 3-6 лет,Ташкент,,Backend,False
Customer Success Specialist,Citi Fuel (ООО Staff Atlantic),Опыт 1-3 года,Ташкент,,Other,True
Junior Cybersecurity Consultant,АОООО «KPMG AUDIT»,Опыт 1-3 года,Ташкент,,IT specialest,True
Senior Specialist in Library Promotions,НОУ Westminster International University in Tashkent,Без опыта,Ташкент,,Other,True
Sales Agent,ОООDYNINNO TAS INTERNATIONAL,Без опыта,Ташкент,,Sales,True
Customer Service Quality Control Specialist,Citi Fuel (ООО Staff Atlantic),Без опыта,Ташкент,,IT specialest,True
Marketing manager,ОООGROUP-IB TSHK,Опыт 3-6 лет,Ташкент,,Marketing,False
Middle Manual QA engineer (Тестировщик),Xalq Banki,Опыт 1-3 года,Ташкент,,QA/Testing,True
Intern PHP Developer,Itransition,Без опыта,Ташкент,,PHP,True
Communications Manager,ОООDYNINNO TAS INTERNATIONAL,Опыт 1-3 года,Ташкент,от12 000 000so'mна руки,Project Manager,True
Консультант SAP,ТООAdvantiX group,Опыт 3-6 лет,Ташкент,,Other,False
PHP Backend (Laravel),ОООЦентр развития IT- знаний,Опыт 3-6 лет,Ташкент,,Backend,False
Consultant in Legal Department,АОООО «KPMG AUDIT»,Опыт 1-3 года,Ташкент,,Other,True
Супервайзер торговых представителей,Citi Fuel (ООО Staff Atlantic),Опыт 1-3 года,Ташкент,,Other,True
Support Associate,ОООLAVOROSOLUTIONS,Опыт 1-3 года,Ташкент,,Other,True
Junior Internal Communications Specialist,ОООGROUP-IB TSHK,Опыт 1-3 года,Ташкент,,Other,True
Google Ad Manager 360 Specialist,ОООUNITEL LLC,Опыт 3-6 лет,Ташкент,,Project Manager,False
DevOps-инженер,ОООFULL STACK SOLUTION,Опыт более 6 лет,Ташкент,,DevOps,False
Senior Brand Manager (consultant),ОООORIENTSWISS TASHKENT,Опыт 3-6 лет,Ташкент,,Marketing,False
Online Verification Specialist,ТООINFUSE Inc.,Опыт 1-3 года,Ташкент,310 – 350$до вычета налогов,Other,True
Специалист отдела методологии «1С. Бухгалтерия 8»,ОООVENKON,Опыт 1-3 года,Ташкент,от8 000 000so'mна руки,Other,True
C#/.NET-разработчик в департамент информационных технологий,АКБ Агробанк,Опыт 1-3 года,Ташкент,,Software Engineer (General),True
Руководитель группы контент-маркетинга,Simtech Development,Опыт 3-6 лет,Ташкент,,Marketing,False
Part sales manager,ИП ООО LIUGONG MACHINERY CA,Опыт 3-6 лет,Ташкент,от10 000 000so'mдо вычета налогов,Sales,False
Backend-разработчик PHP (Middle),Simtech Development,Опыт 3-6 лет,Ташкент,,Backend,False
React developer,ОООBELCOR,Опыт 3-6 лет,Ташкент,от11 000 000so'mдо вычета налогов,Frontend,False
"Business Teacher / Преподаватель Бизнеса ""Target International School''",ОООTARGET-INTERNATIONAL SCHOOL,Опыт 1-3 года,Ташкент,7 000 000 – 14 000 000so'mдо вычета налогов,Other,True
PHP-разработчик (Yii2) в департамент информационных технологий,АКБ Агробанк,Опыт 3-6 лет,Ташкент,,PHP,False
Java-разработчик (Camunda),ОООLUDITO,Опыт 3-6 лет,Ташкент,,Java Developer,False
Бухгалтер,ОООTOSHKENT WEST CC CEMENT,Опыт более 6 лет,Ташкент,,Other,False
Специалист технической поддержки,Simtech Development,Опыт 1-3 года,Ташкент,,Other,True
Java-разработчик,АКБ Тенге Банк,Опыт 3-6 лет,Ташкент,,Java Developer,False
Uzbek and Russian Speaking Customer Experience Officer,XM,Опыт 1-3 года,Ташкент,,Other,True
Бизнес-аналитик,ОООЦентр развития IT- знаний,Опыт 3-6 лет,Ташкент,,Data/Analytics,False
Разработчик (Laravel)/Middle PHP Developer (Laravel),Simtech Development,Опыт 3-6 лет,Ташкент,,PHP,False
Вакансия Бренд дизайнера,ОООSPACE MARKETING,Опыт 1-3 года,Ташкент,,Designer,True
"FP&A Specialist, Finance Department",АОООО «KPMG AUDIT»,Опыт 3-6 лет,Ташкент,,Other,False
Middle/Senior iOS Developer,АОCLICK,Опыт 3-6 лет,Ташкент,,Mobile Developer,False
HR compliance manager (Energy sector),"Person Hunters, ООО",Опыт более 6 лет,Ташкент,,HR/Recruiter,False
Специалист по сопровождению в эквайринг,HamkorBank,Опыт 1-3 года,Ташкент,,Other,True
Russian and Uzbek - Speaking Senior Client Relations Managers,XM,Опыт 3-6 лет,Ташкент,,Project Manager,False
Инженер технической поддержки (L2),Simtech Development,Опыт 1-3 года,Ташкент,,Engineer,True
Системный аналитик,Simtech Development,Опыт 1-3 года,Ташкент,,Data/Analytics,True
Hr manager (Logistic company),ОООUSMA FUTURE (InHunter),Опыт 1-3 года,Ташкент,1 000 – 2 000$до вычета налогов,HR/Recruiter,True
Brand Specialist,KT&G Corporation,Опыт более 6 лет,Ташкент,,Marketing,False
Sales operations supervisor,ОООANCOR Uzbekistan,Опыт более 6 лет,Ташкент,,Sales,False
Business System Analyst,InFinBank,Опыт 3-6 лет,Ташкент,,Data/Analytics,False
HR менеджер,Koderline,Опыт 1-3 года,Ташкент,,HR/Recruiter,True
Legal Supervisor (Legal Expert),ИП ООО JETOUR SOUEAST AUTOMOTIVE CENTRAL ASIAN,Опыт 3-6 лет,Ташкент,,Other,False
Наладчик на производство (лазерная маркировка),Каллисто Вижн,Опыт 3-6 лет,Ташкент,до70 000₽до вычета налогов,Other,False
Заместитель директора по учету и контролю (Руководитель проектов по внедрению ERP),ОООСП ABN-MB,Опыт более 6 лет,Ташкент,,Other,False
"Intern-Executive 1, Infrastructure, Deal Advisory, Tashkent",АОООО «KPMG AUDIT»,Без опыта,Ташкент,,Other,True
Владелец продукта - Мобильное приложение для юридических лиц,АО Асакабанк,Опыт 3-6 лет,Ташкент,,Other,False
Репетитор английского языка,Andy Pan,Без опыта,Ташкент,5 000 000 – 7 000 000so'mна руки,Other,True
Логист/Customer service department,ОООPHOENIX CARGO EXPRESS,Без опыта,Ташкент,6 000 000 – 30 000 000so'mдо вычета налогов,Other,True
Главный инженер проекта,СП ООО Nazarov Rakhimbayev Group,Опыт 3-6 лет,Ташкент,,Engineer,False
Recruiter,ОООNAJOT TA’LIM MARKAZI,Опыт 3-6 лет,Ташкент,500 – 1 000$до вычета налогов,HR/Recruiter,False
Интернет-маркетолог,Simtech Development,Опыт 1-3 года,Ташкент,,Marketing,True
Python Developer (Strong Middle),ОООLINKTRADE,Опыт 3-6 лет,Ташкент,от12 000 000so'mдо вычета налогов,Python,False
Specialist in the preparation of tender documents,ОООALLIED MANAGEMENT AND ENGINEERING CONSULTANTS,Опыт 1-3 года,Ташкент,от1 000$на руки,Other,True
FTK Engineer,FE LLC Huawei Tech Investment Tashkent,Опыт 3-6 лет,Ташкент,,Engineer,False
Fullstack Developer (EdTech),ОООWEB THEMES DEVELOPMENT,Опыт 1-3 года,Ташкент,1 000 – 2 000$на руки,Fullstack,True
EHS Engineer,FE LLC Huawei Tech Investment Tashkent,Опыт более 6 лет,Ташкент,,Engineer,False
Мобильный разработчик,ОООBRB-TECH,Опыт 3-6 лет,Ташкент,,Mobile Developer,False
Middle back end разработчик (PL/SQL; PostgreSQL),ОООFido-Biznes,Опыт 3-6 лет,Ташкент,,Software Engineer (General),False
Back End разработчика (Python/Django),ОООExadot,Опыт 3-6 лет,Ташкент,от20 000 000so'mна руки,Python,False
Implementation engineer,ОООБПС Инновационные Программные Решения,Опыт 1-3 года,Ташкент,,Engineer,True
Frontend-разработчик Vue.js,ООО«UZUM TECHNOLOGIES».,Опыт 3-6 лет,Ташкент,,Frontend,False
Системный аналитик Middle/Middle+,АОSMART BANK,Опыт 3-6 лет,Ташкент,,Data/Analytics,False
Senior Fullstack QA инженер,ООО«UZUM TECHNOLOGIES».,Опыт 3-6 лет,Ташкент,,QA/Testing,False
Java Developer Middle+/Senior,АОSMART BANK,Опыт 3-6 лет,Ташкент,от30 000 000so'mдо вычета налогов,Java Developer,False
Senior Python Developer,( ELINEXT ) ELINEXT IT SOLUTIONS LIMITED.,Опыт 3-6 лет,Ташкент,,Python,False
Manual QA,ОООFido-Biznes,Опыт 1-3 года,Ташкент,,QA/Testing,True
Senior System Analyst \ Ведущий Cистемный Аналитик,ООО«UZUM TECHNOLOGIES».,Опыт 3-6 лет,Ташкент,,Data/Analytics,False
Senior Product Owner AI project,АОSMART BANK,Опыт 3-6 лет,Ташкент,от3 000$на руки,Other,False
Android developer Middle/Senior,ООО«UZUM TECHNOLOGIES».,Опыт 3-6 лет,Ташкент,,Mobile Developer,False
Product Owner (B2B products),АОSMART BANK,Опыт 3-6 лет,Ташкент,от3 000$до вычета налогов,Other,False
Forensic Consultant 1-3,АОООО «KPMG AUDIT»,Опыт 1-3 года,Ташкент,,Other,True
UI/UX дизайнер,АОOctobank,Опыт 3-6 лет,Ташкент,,Designer,False
Аналитик бизнес-процессов (Middle),ООООптимакрос,Опыт 1-3 года,Ташкент,,Data/Analytics,True
Программист Python,ОООUZINFOCOM,Опыт 3-6 лет,Ташкент,,Python,False
System analyst,TBC,Опыт 1-3 года,Ташкент,,Data/Analytics,True
Frontend-разработчик,ОООТехнологический парк программных продуктов и информационных технологий,Опыт 1-3 года,Ташкент,,Frontend,True
Аналитик,ОООFULL STACK SOLUTION,Опыт 3-6 лет,Ташкент,,Data/Analytics,False
Planning Engineer PV Projects,"Person Hunters, ООО",Опыт 3-6 лет,Ташкент,,Engineer,False
Программист 1C (Junior),Первый Бит,Опыт 1-3 года,Ташкент,до2 000$на руки,Software Engineer (General),True
Консультант 1 С (поддержка пользователей),ОООSOFTTEAM PRO,Опыт 1-3 года,Ташкент,,Other,True
Ruby on Rails Middle Developer,Itransition,Опыт 1-3 года,Ташкент,,Software Engineer (General),True
Технический писатель,СП ООО Xarid Texnologiyalari,Опыт 1-3 года,Ташкент,,Other,True
Программист 1С Middle,Первый Бит,Опыт 1-3 года,Ташкент,до3 000$на руки,Software Engineer (General),True
Разработчик Bitrix24,Первый Бит,Опыт 1-3 года,Ташкент,1 000 – 2 500$до вычета налогов,Software Engineer (General),True
Ruby on Rails Senior Developer,Itransition,Опыт 3-6 лет,Ташкент,,Software Engineer (General),False
Программист-консультант 1С,Первый Бит,Без опыта,Ташкент,,Software Engineer (General),True
Business development manager,SDC FZE,Опыт 1-3 года,Ташкент,,Project Manager,True
Менеджер продукта,ОООDIGITAL EDGE CONSULT,Опыт 3-6 лет,Ташкент,,Other,False
Specialist at the tender department,ОООGrand Diantus,Опыт 3-6 лет,Ташкент,10 000 000 – 25 000 000so'mна руки,Other,False
Solution Architech,АОOctobank,Опыт 3-6 лет,Ташкент,,IT specialest,False
.Net Middle/Senior Developer,Itransition,Опыт 1-3 года,Ташкент,,Software Engineer (General),True
Руководитель колл-центра,ОООЭкосмарт,Опыт 1-3 года,Ташкент,,Other,True
Senior Business Process Improvement specialist,ОООEPAM Uzbekistan,Опыт 3-6 лет,Ташкент,,Other,False
Manager in FAAS,EY Uzbekistan,Опыт 3-6 лет,Ташкент,,Project Manager,False
UI/UX Designer,ОООGreen White Solutions,Опыт 1-3 года,Ташкент,от1 000$до вычета налогов,Designer,True
Senior UX/UI Designer (fintech),ОООCONSORT TAS,Опыт 3-6 лет,Ташкент,,Designer,False
Senior Manager - Financial Accounting & Advisory Services (FAAS),EY Uzbekistan,Опыт 3-6 лет,Ташкент,,Project Manager,False
Data Engineer (MsSQL/Python/Airflow),Social Discovery Group,Опыт 3-6 лет,Ташкент,,Python,False
"Senior PHP developer, Laravel",ЧП TURON MEDIA,Опыт 3-6 лет,Ташкент,,PHP,False
Программист 1С,ОООLINKTRADE,Опыт более 6 лет,Ташкент,от15 000 000so'mдо вычета налогов,Software Engineer (General),False
D365 Business Central Middle Functional Consultant,Itransition,Опыт 3-6 лет,Ташкент,,Other,False
Business Development Manager (BDM) / Менеджер по развитию бизнеса (HQ Servers),FC LLC ASBC ENTITY,Опыт 1-3 года,Ташкент,,Project Manager,True
Solution Architect (главный специалист),АО Асакабанк,Без опыта,Ташкент,,IT specialest,True
Technical Translator,ОООUET CONSTRUCTION,Опыт 3-6 лет,Ташкент,,Other,False
Начальник управления разработки,АО Асакабанк,Опыт 3-6 лет,Ташкент,,Other,False
Lead Solution Architect,АО Асакабанк,Опыт 3-6 лет,Ташкент,,IT specialest,False
Системный аналитик,ОООFULL STACK SOLUTION,Опыт более 6 лет,Ташкент,,Data/Analytics,False
QA инженер,ОООUNITEL LLC,Опыт 1-3 года,Ташкент,,QA/Testing,True
Technical Office assistant,ОООUET CONSTRUCTION,Без опыта,Ташкент,,Other,True
Системный аналитик (System Analyst),ОООUNITEL LLC,Опыт 1-3 года,Ташкент,,Data/Analytics,True
QA engineer Middle+,IMAN CAPITAL LTD,Опыт 3-6 лет,Ташкент,,QA/Testing,False
QA Engineer (Middle/Senior) A-Pay (работа в офисе),АОCENTER FOR DIGITAL TECHNOLOGY AND INNOVATION,Опыт 3-6 лет,Ташкент,,QA/Testing,False
Odoo Analyst,Itransition,Опыт 1-3 года,Ташкент,,Data/Analytics,True
Dean of the Faculty of Accounting and Finance,ОООMILLAT UMIDI UNIVERSITY,Опыт 3-6 лет,Ташкент,,Other,False
Odoo Consultant-Analyst,Itransition,Опыт 1-3 года,Ташкент,,Data/Analytics,True
Trade Marketing Manager at HONOR Uzbekistan,Honor,Опыт 1-3 года,Ташкент,,Marketing,True
IT Project Manager (Middle/Senior) A-Pay (работа в офисе),АОCENTER FOR DIGITAL TECHNOLOGY AND INNOVATION,Опыт 3-6 лет,Ташкент,,Project Manager,False
DPP Audit/Assurance Manager,АОООО «KPMG AUDIT»,Опыт более 6 лет,Ташкент,,Project Manager,False
Специалист по экстренным обращениям со знанием английского и русского языков,"Облачные, инфраструктурные сервисы и Яндекс 360",Без опыта,Ташкент,,Other,True
"Executive, Fixed Assets and Real Estate, Deal Advisory",АОООО «KPMG AUDIT»,Опыт 1-3 года,Ташкент,,Other,True
"Executive 1-3, Debt & PPP/Deal Advisory Department",АОООО «KPMG AUDIT»,Опыт 1-3 года,Ташкент,,Other,True
Менеджер по работе с ключевыми клиетами,MEDICE Arzneimittel Pütter GmbH & Co. KG в Узбекистане,Опыт 3-6 лет,Ташкент,,Other,False
Audit Supervisor,АОООО «KPMG AUDIT»,Опыт 3-6 лет,Ташкент,,IT specialest,False
"Associate 3 / Manager, Debt&PPP group, Deal Advisory department",АОООО «KPMG AUDIT»,Опыт более 6 лет,Ташкент,,Project Manager,False
Audit Manager,АОООО «KPMG AUDIT»,Опыт более 6 лет,Ташкент,,Project Manager,False
Программист 1С/Разработчик,ОООABSOFT,Опыт 1-3 года,Ташкент,4 000 000 – 10 000 000so'mдо вычета налогов,Software Engineer (General),True
Программист 1С,ОООRED BUTTON,Опыт 3-6 лет,Ташкент,от5 000 000so'mдо вычета налогов,Software Engineer (General),False
Программист 1С (middle),ОООLEADING BUSINESS SOFTWARE,Опыт 1-3 года,Ташкент,,Software Engineer (General),True
FullStack (WordPress) Developer,ОООWEB THEMES DEVELOPMENT,Опыт 1-3 года,Ташкент,1 000 – 2 000$на руки,Software Engineer (General),True
Учитель по программированию,ОООINNOGROUP,Опыт 1-3 года,Ташкент,5 000 000 – 20 000 000so'mна руки,Other,True
Фронтенд разработчик,ОООYANO EDUCATION,Без опыта,Ташкент,2 000 000 – 10 000 000so'mна руки,Software Engineer (General),True
Инженер-программист,ОООФид энд фуд,Без опыта,Ташкент,,Software Engineer (General),True
Full Stack программист,ОООGTROBOTPRO,Опыт 3-6 лет,Ташкент,1 000 – 2 000$на руки,Software Engineer (General),False
Программист,ОООGrand Diantus,Опыт 3-6 лет,Ташкент,от400$до вычета налогов,Software Engineer (General),False
Frontend-разработчик,ОООINNOVATION TEXNO SERVICE,Опыт 1-3 года,Ташкент,300 – 400$на руки,Frontend,True
Разработчик мобильных приложений (iOS & Android),ОООFides Solutions,Опыт 1-3 года,Ташкент,8 000 000 – 10 000 000so'mна руки,Software Engineer (General),True
Консультант 1С,ОООFides Solutions,Опыт 1-3 года,Ташкент,7 000 000 – 15 000 000so'mна руки,Other,True
Менеджер по Проектам (Стажер),Micros Development,Опыт 1-3 года,Ташкент,3 000 000 – 6 000 000so'mдо вычета налогов,Other,True
Electrical Design Engineer for Data Center (Low Voltage Distribution Systems),ОООTECHENERGO Engineering Services,Опыт более 6 лет,Ташкент,,Engineer,False
Affiliate Manager (Chinese),ОООMODERN TECH PLANET,Опыт 1-3 года,Ташкент,от2 500$на руки,Project Manager,True
Academic support specialist,ОООFounders Group,Опыт 1-3 года,Ташкент,2 500 000 – 6 000 000so'mна руки,Other,True
UX/UI-дизайнер в сфере игр,ОООDaromad Dasturi,Опыт 3-6 лет,Ташкент,,Designer,False
Overseas Sales Support Engineer,"Jiangsu Kaiyi Intelligent Technology Co., Ltd",Опыт 1-3 года,Ташкент,500 – 600$до вычета налогов,Sales,True
Офис-менеджер (стажер),Micros Development,Опыт 1-3 года,Ташкент,4 000 000 – 6 000 000so'mдо вычета налогов,Other,True
After-sales manager,Runking Motor Co. Ltd.,Опыт 3-6 лет,Ташкент,,Sales,False
Marketing department intern,ОООPRIME ANHOR,Без опыта,Ташкент,100 – 200$на руки,Marketing,True
Менеджер по продажам,ОООФид энд Фактори,Опыт 3-6 лет,Ташкент,,Sales,False
Python-разработчик,ОООMUSAIT TECH,Опыт 1-3 года,Ташкент,4 000 000 – 6 000 000so'mдо вычета налогов,Python,True
HR&Administration specialist,ОООPRIME ANHOR,Опыт 1-3 года,Ташкент,3 000 000 – 6 000 000so'mна руки,HR/Recruiter,True
Менеджер по продажам,ОООChilon Lubricants,Опыт 1-3 года,Ташкент,до15 000 000so'mна руки,Sales,True
Middle PHP Developer,Alif Uzbekistan,Опыт 1-3 года,Ташкент,,PHP,True
Manual QA тестировщик,IOTA (OOO BEFORMED),Опыт 1-3 года,Ташкент,5 000 000 – 10 000 000so'mна руки,QA/Testing,True
Оператор call-центра,ОООREALSOFT,Без опыта,Ташкент,3 000 000 – 7 000 000so'mдо вычета налогов,Other,True
Project Manager,Alif Uzbekistan,Опыт 1-3 года,Ташкент,,Project Manager,True
Junior Procurement Assistant,ОООAlfa Line(ТМ Encompass Consulting),Без опыта,Ташкент,от3 000 000so'mна руки,Other,True
Менеджер по продажам услуг,MCHJ TIRGO LOG,Опыт 3-6 лет,Ташкент,5 000 000 – 10 000 000so'mна руки,Sales,False
QA тестировщик,ОООZORDOC,Опыт 3-6 лет,Ташкент,,QA/Testing,False
Business Development Manager (BDM) – Специалист по коммерциализации проекта,ОООNatural Ventures Tashkent,Опыт более 6 лет,Ташкент,20 000 000 – 25 000 000so'mдо вычета налогов,Project Manager,False
M&A advisor,Bakht Asset Management LLC,Опыт 3-6 лет,Ташкент,,Other,False
Junior Accounting Specialist (Logistics),ОООMY FLEET SOLUTIONS,Опыт 1-3 года,Ташкент,от350$на руки,Other,True
Dispatcher,ОООMY FLEET SOLUTIONS,Опыт 1-3 года,Ташкент,,Other,True
Администратор (офис),ОООGREENLEAF DEVELOPMENT,Опыт 1-3 года,Ташкент,,Other,True
Cafe Manager,ОООRASSYSTEMS,Опыт 1-3 года,Ташкент,550 – 620$на руки,Project Manager,True
Assistant Barista,ОООRASSYSTEMS,Опыт 1-3 года,Ташкент,300 – 350$на руки,Other,True
FrontEnd программист - специалист 1ой категории (VUE.JS фреймворк),АОУзбекнефтегаз,Опыт 1-3 года,Ташкент,5 000 000 – 6 000 000so'mна руки,Frontend,True
Fullstack Разработчик (PHP и/или .Net),Corporate Solutions Group,Опыт 3-6 лет,Ташкент,,PHP,False
Senior Golang Developer,IOTA (OOO BEFORMED),Опыт 3-6 лет,Ташкент,до3 500$на руки,golang,False
Front end Developer (React / Vue),Corporate Solutions Group,Опыт 3-6 лет,Ташкент,,Frontend,False
Продавец в магазине,ОООGREENLEAF DEVELOPMENT,Опыт 1-3 года,Ташкент,,Other,True
Специалист по охране окружающей среды (эколог),ОООGLOBAL DEVELOPMENT ANALITICS,Опыт более 6 лет,Ташкент,8 000 000 – 12 000 000so'mна руки,Other,False
Специалист по социальный защите (социолог),ОООGLOBAL DEVELOPMENT ANALITICS,Опыт более 6 лет,Ташкент,8 000 000 – 12 000 000so'mна руки,Other,False
Младший специалист службы поддержки пользователей,Kundalik,Опыт 1-3 года,Ташкент,от5 000 000so'mна руки,Other,True
Менеджер по продажам в IT-компанию,ОООAIVA Group,Без опыта,Ташкент,от6 000 000so'mдо вычета налогов,Sales,True
English Main Teacher / IELTS Instructor,ОООHOY « MITTIVINE»,Опыт 1-3 года,Ташкент,4 000 000 – 15 000 000so'mна руки,Other,True
Financial and Management Accountant,ИПOOO Novugen Pharma,Опыт 3-6 лет,Ташкент,,Other,False
Brand Manager (Oncology and critical care therapy),ОООПредставительство «HETERO LABS LIMITED» в Республике Узбекистан,Опыт 1-3 года,Ташкент,10 000 000 – 14 000 000so'mна руки,Marketing,True
.Net Developer (Middle),ОООTafakkur Group,Опыт 1-3 года,Ташкент,,Software Engineer (General),True
Digital-маркетолог,ОООWEB THEMES DEVELOPMENT,Опыт 1-3 года,Ташкент,1 500 – 2 500$на руки,Marketing,True
IT директор,ОООBRB-TECH,Опыт 3-6 лет,Ташкент,,IT specialest,False
Node.js (Middle+),ОООKSG INFINITE,Опыт 3-6 лет,Ташкент,,node.js,False
QA Engineer,ОООTafakkur Group,Опыт 1-3 года,Ташкент,,QA/Testing,True
Специалист по мониторингу и корректировке данных,ОООKSG INFINITE,Без опыта,Ташкент,6 500 000 – 9 500 000so'mна руки,Other,True
VFX artist,ОООNeoTech,Опыт 1-3 года,Ташкент,,Other,True
WordPress разработчик,ОООPROSIGHT DEV,Опыт 3-6 лет,Ташкент,,Software Engineer (General),False
Middle Flutter разработчик,NASIROV SH. S. (BOTAN),Опыт 1-3 года,Ташкент,,Mobile Developer,True
Middle Go разработчик,NASIROV SH. S. (BOTAN),Опыт 1-3 года,Ташкент,,golang,True
Middle React Native разработчик,NASIROV SH. S. (BOTAN),Опыт 1-3 года,Ташкент,,Frontend,True
Frontend-разработчик,ОООDIONYSOS,Опыт 1-3 года,Ташкент,,Frontend,True
C# expert (strong middle or senior C# developer),ОООSynel Software Development,Опыт 3-6 лет,Ташкент,до2 500$на руки,Software Engineer (General),False
C# developer,ОООSynel Software Development,Без опыта,Ташкент,от800$на руки,Software Engineer (General),True
Главный бухгалтер,ИП ООО Beautymall,Опыт 3-6 лет,Ташкент,от1 000$до вычета налогов,Other,False
Automation QA engineer (C#+Selenium),ОООSynel Software Development,Без опыта,Ташкент,от800$на руки,QA/Testing,True
Go Developer (Fraud Protection),ОООCONSORT TAS,Опыт 3-6 лет,Ташкент,3 000 – 4 500$на руки,golang,False
Video Editor,"ОООMusaffa Financial Solutions, LLC",Опыт 1-3 года,Ташкент,,IT specialest,True
Junior Equity Research Analyst,"ОООMusaffa Financial Solutions, LLC",Опыт 1-3 года,Ташкент,,Data/Analytics,True
Фронт-энд разработчик,Appsolute Media,Опыт 3-6 лет,Ташкент,,Software Engineer (General),False
Project Manager,ОООZeppelin Central Asia Machinery,Опыт 3-6 лет,Ташкент,,Project Manager,False
Мобильный разработчик (React Native),ОООBCLOUDS,Опыт 1-3 года,Ташкент,,Frontend,True
Senior Graphic Designer,"ОООMusaffa Financial Solutions, LLC",Опыт 3-6 лет,Ташкент,,Designer,False
Fronted-разработчик / Верстальщик,iCORP,Опыт 1-3 года,Ташкент,4 000 000 – 7 000 000so'mна руки,Software Engineer (General),True
Учитель математики,НОУ SAR SHI SAR BABY,Опыт более 6 лет,Ташкент,3 000 000 – 6 000 000so'mдо вычета налогов,Other,False
Sales Manager,ОООFULL STOCK GROUP,Опыт 1-3 года,Ташкент,6 000 000 – 70 000 000so'mдо вычета налогов,Sales,True
Traditional and Digital Art Teacher,НОУ Canadian International School of Tashkent,Опыт 3-6 лет,Ташкент,,IT specialest,False
Back-end разработчик,ОООСтраховая компания INSON,Опыт 1-3 года,Ташкент,,Backend,True
Менеджер по продажам,ОООЦЕНТР ПРОГРАММИСТОВ BE PRO,Опыт 1-3 года,Ташкент,5 000 000 – 20 000 000so'mдо вычета налогов,Sales,True
Backend-разработчик,ОООBESH TECHNOLOGIES,Опыт 1-3 года,Ташкент,5 000 000 – 15 000 000so'mна руки,Backend,True
Business Development Manager,El-milano extensions,Опыт 1-3 года,Ташкент,600 – 3 000$до вычета налогов,Project Manager,True
Frontend-разработчик,ОООVODIY SOFT HUB,Опыт 1-3 года,Ташкент,,Frontend,True
Brand(Sales) Manager Networking Products,ОООELCORE DISTRIBUTION CA,Опыт 1-3 года,Ташкент,,Sales,True
Финансовый директор (CFO),ОООMultichannel Group Management,Опыт более 6 лет,Ташкент,,Other,False
Brand(Sales) Manager VAD (HPE/Hitachi/Supermicro),ОООELCORE DISTRIBUTION CA,Опыт 3-6 лет,Ташкент,,Sales,False
Brand (Sales) ManagerSoft,ОООELCORE DISTRIBUTION CA,Опыт 3-6 лет,Ташкент,,Sales,False
Frontend разработчик,ИП ООО ONEVIZION CA,Опыт 3-6 лет,Ташкент,2 500 – 3 500$на руки,Frontend,False
Python-разработчик,ОООBuynow,Опыт 3-6 лет,Ташкент,от1 500$на руки,Python,False
Java Разработчик,ИП ООО ONEVIZION CA,Опыт 3-6 лет,Ташкент,3 000 – 3 700$на руки,Java Developer,False
Backend-разработчик,ОООINNASOFT DIGITAL SERVICE,Опыт 3-6 лет,Ташкент,от10 000 000so'mдо вычета налогов,Backend,False
Backend Laravel разработчик (senior),ОООSTEM,Опыт 3-6 лет,Ташкент,от15 000 000so'mна руки,Backend,False
Frontend Developer Middle+ (Vue.js),ОООANYSOFT,Опыт 3-6 лет,Ташкент,10 000 000 – 15 000 000so'mдо вычета налогов,Frontend,False
Python Developer Middle+,ОООANYSOFT,Опыт 3-6 лет,Ташкент,10 000 000 – 15 000 000so'mдо вычета налогов,Python,False
Project Manager в IT компанию,ОООPRIMEX-SERVICES,Опыт 3-6 лет,Ташкент,от700$до вычета налогов,Project Manager,False
Консультант 1C (ERP/КА),EFSOL,Опыт 3-6 лет,Ташкент,от600$на руки,Other,False
Backend Laravel разработчик (middle),ОООSTEM,Опыт 1-3 года,Ташкент,от10 000 000so'mна руки,Backend,True
Менеджер отдела маркетинга и рекламы,ОООPULMAN,Опыт 1-3 года,Ташкент,от8 000 000so'mна руки,Marketing,True
Lead Mining Engineer,ОООWorleyParsons Uzbekistan Engineering,Опыт 3-6 лет,Ташкент,,Engineer,False
Budget analyst / accountant,ОООПосольство соединенных штатов Америки,Опыт 3-6 лет,Ташкент,от1 870$до вычета налогов,Data/Analytics,False
OFFICE MANAGER,ОООMultimodal Trans Terminal,Опыт 1-3 года,Ташкент,8 000 000 – 9 000 000so'mдо вычета налогов,Project Manager,True
Backend developer (PHP/Laravel),ОООEast-Metprokat,Опыт 3-6 лет,Ташкент,,Backend,False
PHP - разработчик,ОООDIONYSOS,Опыт 1-3 года,Ташкент,,PHP,True
Flutter-разработчик,ОООBESH TECHNOLOGIES,Опыт 1-3 года,Ташкент,5 000 000 – 10 000 000so'mна руки,Mobile Developer,True
Sales Representative (Urdu),ОООMODERN TECH PLANET,Опыт 1-3 года,Ташкент,от750$на руки,Sales,True
Менеджер продукта,ОООMEGA LIFESCIENCES PUBLIC COMPANY LIMITED,Опыт 1-3 года,Ташкент,,Other,True
Менеджер технической поддержки,ОООSMARTBOX ENTERPRISE SOLUTIONS,Без опыта,Ташкент,,Other,True
Фронтенд-разработчик в компанию NEURO PULSE,NEURO PULSE,Опыт 1-3 года,Ташкент,400 – 700$на руки,Software Engineer (General),True
Backend-разработчик,ОООPROJECTS (GK Consulting),Опыт 1-3 года,Ташкент,до1 000$на руки,Backend,True
Главный бухгалтер,ОООU-BSSYS,Опыт 3-6 лет,Ташкент,,Other,False
Python Developer (Remote),ОООУайтСнейк,Опыт 1-3 года,Ташкент,,Python,True
"Маркетолог, Контент-мейкер, СММ-менеджер",ОООElephant Group,Опыт 1-3 года,Ташкент,от10 000 000so'mна руки,Marketing,True
Менеджер по продажам специальной и сельхозтехники,ОООZOOMLION HEAVY INDUSTRY SCIENCE AND TECHNOLOGY,Опыт 3-6 лет,Ташкент,6 000 000 – 8 000 000so'mдо вычета налогов,Sales,False
SEO-специалист/маркетолог,ОООELECTRONICS AUTOMATION GROUP,Опыт 1-3 года,Ташкент,,Marketing,True
IT специалист по e-commerce и автоматизация,ОООGENER POWER,Опыт 1-3 года,Ташкент,3 000 000 – 10 000 000so'mна руки,IT specialest,True
Chief Officer on Student Welfare,ОООPharmaceutical Technical University,Опыт 3-6 лет,Ташкент,,Other,False
Engineering Project Coordinator,ОООJuru,Опыт 1-3 года,Ташкент,,Engineer,True
Head of HRM Department,ОООPharmaceutical Technical University,Опыт 3-6 лет,Ташкент,,HR/Recruiter,False
Chief Marketing Officer,ОООPharmaceutical Technical University,Опыт 3-6 лет,Ташкент,,Marketing,False
AI/ML Engineer (Стажёр),YATT YULDASHEV PULAT BAXTIYOROVICH,Без опыта,Ташкент,,Engineer,True
Специалист технической поддержки,ОООSAPFORIS,Опыт 3-6 лет,Ташкент,,Other,False
IT Project Manager (Middle+),ОООANYSOFT,Опыт 3-6 лет,Ташкент,10 000 000 – 15 000 000so'mдо вычета налогов,Project Manager,False
Head of Marketing Department,Globbing,Опыт 3-6 лет,Ташкент,до20 800 000so'mна руки,Marketing,False
Primary School Teacher Assistant,ОООWestminster International School in Tashkent,Опыт 1-3 года,Ташкент,,Other,True
Оператор call-центра (БЕЗ ПРОДАЖ),ОООAIVA Group,Без опыта,Ташкент,от4 000 000so'mдо вычета налогов,Sales,True
Руководитель колл-центра,ОООECO TORG,Опыт 1-3 года,Ташкент,,Other,True
Менеджер по персоналу,ОООWeWork Group,Опыт 3-6 лет,Ташкент,от1 000$до вычета налогов,HR/Recruiter,False
Графический дизайнер с AI-навыками,P & A shoe,Опыт 1-3 года,Ташкент,500 – 1 200$до вычета налогов,Designer,True
Вакансия: UX/UI дизайнер (Figma),ОООMEGABITE-CRM,Опыт 1-3 года,Ташкент,4 000 000 – 6 000 000so'mна руки,Designer,True
Java Developer - Middle,ОООNOMADIAN,Опыт 1-3 года,Ташкент,от12 000 000so'mдо вычета налогов,Java Developer,True
Receptionist,ОООHITC,Опыт 1-3 года,Ташкент,4 000 000 – 4 000 000so'mна руки,Other,True
"Специалист по развитию территории (Sales Development Executive), проект Philip Morris International",Philip Morris International,Опыт 1-3 года,Ташкент,8 000 000 – 10 500 000so'mдо вычета налогов,Sales,True
We are hiring an Android Developer for the Testbor.com project!,ОООTESTBOR,Опыт 3-6 лет,Ташкент,от2 000$на руки,Mobile Developer,False
Специалист по техники безопасности в строительстве,ООО“Ko’zgu Muhabbat” (B.INVEST Development),Опыт 1-3 года,Ташкент,от5 000 000so'mдо вычета налогов,Other,True
.Net developer (Middle+/Senior),ОООWEBASE,Опыт 3-6 лет,Ташкент,,Software Engineer (General),False
Бизнес ассистент основателя агентствы,ОООSNDCT,Без опыта,Ташкент,3 000 000 – 6 000 000so'mна руки,Other,True
Frontend-разработчик Vue,"O'ZBEKISTON RESPUBLIKASI INVESTITSIYALAR, SANOAT VA SAVDO VAZIRLIGI QOSHIDAGI RAQAMLASHTIRISH MARKAZI MCHJ",Опыт 1-3 года,Ташкент,400 – 500$до вычета налогов,Frontend,True
Middle Backend Developer(Go/Python),NASIROV SH. S. (BOTAN),Опыт 1-3 года,Ташкент,,Backend,True
Тьютор (Наставник) КиберШколы,ОООKiber1,Без опыта,Ташкент,,Other,True
Flutter разработчик / Flutter Developer (middle),ОООTafakkur Group,Опыт 1-3 года,Ташкент,,Mobile Developer,True
QC инженер,т.м AB.Digital (ООО Bazis Digital),Без опыта,Ташкент,8 000 000 – 14 000 000so'mна руки,Engineer,True
Технический архитектор/ведущий программист 1С/программист 1С,ОООAMEGA ITS,Опыт 3-6 лет,Ташкент,,Software Engineer (General),False
IT Project manager,ОООWEBASE,Опыт 3-6 лет,Ташкент,,Project Manager,False
Investment banking analyst,ABRAU Capital,Опыт 3-6 лет,Ташкент,,Data/Analytics,False
Communications specialist,SUEZ INTERNATIONAL SAS,Опыт 3-6 лет,Ташкент,,Other,False
Программист фрезерных станков ЧПУ,ОООAKFA BUILDING MATERIALS. Производство,Опыт 1-3 года,Ташкент,5 000 000 – 8 000 000so'mна руки,Software Engineer (General),True
Бизнес-Аналитик (банковское программное обеспечение),ОООCS FINSOFT,Опыт 3-6 лет,Ташкент,,Data/Analytics,False
Project Coordinator (Energy Sector),ОООSMEC TASHKENT,Опыт 3-6 лет,Ташкент,,Other,False
Technical Sales Manager for Cement Industry,ZAB Zementanlagenbau GmbH Dessau,Опыт 3-6 лет,Ташкент,,Sales,False
React Native Mobile App Developer,ОООIMANTECH,Опыт 1-3 года,Ташкент,,Frontend,True
Strong Junior Flutter-разработчик,ОООDAMDA SAYYOH,Опыт 1-3 года,Ташкент,300 – 600$на руки,Mobile Developer,True
Travel Consultant,ОООWeWork Group,Без опыта,Ташкент,,Other,True
Функциональный архитектор/ ведущий консультант 1С / бизнес-аналитик 1С,ОООAMEGA ITS,Опыт 3-6 лет,Ташкент,,Data/Analytics,False
HR specialist,KT&G Corporation,Опыт 3-6 лет,Ташкент,,HR/Recruiter,False
Руководитель проектов,АССОЦИАЦИЯ IT ALLIANCE SWS,Опыт 3-6 лет,Ташкент,10 000 000 – 10 000 000so'mна руки,Other,False
Менеджер тех.поддержки,ОООSMARTBOX ENTERPRISE SOLUTIONS,Без опыта,Ташкент,,Other,True
Project Manager / Менеджер проекта в ИТ,ОООTafakkur Group,Опыт 1-3 года,Ташкент,,Project Manager,True
Hostess,ОООHITC,Опыт 1-3 года,Ташкент,3 500 000 – 4 000 000so'mна руки,Other,True
B2B Team Leader,ОООHR CAPITAL CONSULTING,Опыт 3-6 лет,Ташкент,,Software Engineer (General),False
Шеф-повар,ОООGP Development,Опыт 1-3 года,Ташкент,от20 000 000so'mдо вычета налогов,Other,True
Early Years Teacher,ОООТашкентская Международная Школа,Опыт 3-6 лет,Ташкент,,Other,False
UX/UI designer (FIGMA),ОООTafakkur Group,Опыт 1-3 года,Ташкент,,Designer,True
HR manager,Runking Motor Co. Ltd.,Опыт 1-3 года,Ташкент,10 000 000 – 12 000 000so'mдо вычета налогов,HR/Recruiter,True
